,id,first_name,last_name,email,gender,eircode,bad_column
0,1,Clarice,Rubee,crubee0@csmonitor.com,Polygender,C15AD95,ìš¸ë€ë°”í† ë¥´
1,2,Theodora,Stallon,tstallon1@independent.co.uk,Non-binary,C15H6WY,ç”°ä¸­ã•ã‚“ã«ã‚ã’ã¦ä¸‹ã•ã„
2,3,Revkah,Domeny,rdomeny2@issuu.com,Male,C15A382,`â„â‚¬â€¹â€ºï¬ï¬‚â€¡Â°Â·â€šâ€”Â±
3,4,Talia,Trebilcock,ttrebilcock3@theatlantic.com,Agender,C15D407,0
4,5,Revkah,Ramsier,rramsier4@buzzfeed.com,Bigender,C15R275,`â„â‚¬â€¹â€ºï¬ï¬‚â€¡Â°Â·â€šâ€”Â±
5,6,Zebadiah,Huikerby,zhuikerby5@aboutads.info,Agender,C15WT18,×”Ö¸×™Ö°×ªÖ¸×”testØ§Ù„ØµÙØ­Ø§Øª Ø§Ù„ØªÙ‘Ø­ÙˆÙ„
6,7,Rabbi,Simonite,rsimonite6@gov.uk,Polygender,C15XE30,",ã€‚ãƒ»:*:ãƒ»ã‚œâ€™( â˜» Ï‰ â˜» )ã€‚ãƒ»:*:ãƒ»ã‚œâ€™"
7,8,Ring,Symson,rsymson7@multiply.com,Genderqueer,C15E8FT,-$1.00
8,9,Chad,Olyonov,colyonov8@wikia.com,Bigender,C15FK26,ç¤¾æœƒç§‘å­¸é™¢èªå­¸ç ”ç©¶æ‰€
9,10,Elisabeth,McArthur,emcarthur9@princeton.edu,Non-binary,C15VX08,
10,11,Deanna,Bosch,dboscha@pen.io,Genderfluid,C15KC43,Â¡â„¢Â£Â¢âˆÂ§Â¶â€¢ÂªÂºâ€“â‰ 
11,12,Bartel,Attenburrow,battenburrowb@harvard.edu,Non-binary,C15H6WY,Å’â€Â´â€°Ë‡ÃÂ¨Ë†Ã˜âˆâ€â€™
12,13,Didi,Porritt,dporrittc@jiathis.com,Non-binary,C15FW18,á 
13,14,Waly,Paris,wparisd@bluehost.com,Bigender,C15TP04,"<>?:""{}|_+"
14,15,Mort,Kopacek,mkopaceke@state.tx.us,Polygender,C15CY86,â°â´âµ
15,16,Lotte,Traill,ltraillf@edublogs.org,Agender,C15YXC1,testâ testâ€«
16,17,Mildrid,Blackston,mblackstong@sfgate.com,Genderfluid,C15V29V,"""'""'""''''"""
17,18,Uta,Antoniewski,uantoniewskih@biglobe.ne.jp,Agender,C15N972,TÌ•Ì­ÌºÌºoÍ Ì·iÌ²Ì¬Í‡ÌªÍ™nÌÌ—Í•vÍŸÌŸÌœÌ˜Ì¦oÌ¶Ì™Ì°Ì keÍ€ÍšÌ®ÌºÌªÌ¹Ì±Ì¤ Ì–tÍÌÍ•Ì³Ì£Ì»ÌªhÌ¼Í“Ì²Ì¦Ì³Ì˜Ì²eÍ‡Ì£Ì°Ì¦Ì¬Í Ì¢Ì¼Ì»Ì±Ì˜hÍ…ÍšÍÍ™ÌœÌ£Ì²iÌ¦Ì²Ì£Ì°Ì¤vÌ»ÍeÌºÌ­Ì³ÌªÌ°-mÌ¢iÍ…nÌ–ÌºÌÌ²Ì¯Ì°dÌµÌ¼ÌŸÍ™Ì©Ì¼Ì˜Ì³ ÌÌ¥Ì±Ì³Ì­rÌ›Ì—Ì˜eÍ™pÍ rÌ¼ÌÌ»Ì­Ì—eÍŸÌºÌ Ì£sÌ˜Í‡Ì³ÍÌÍ‰eÍœÍ‰Ì¥Ì¯ÌÌ²ÍšÌ¬nÍ€Ì¬ÍÍÌŸÌ–Í‡Ì¤tÍ˜ÍÌ¬Í…Ì¤Í“Ì¼Ì­iÌªÌ±nÍ gÌ´Í‰ ÍÍ‰Í…cÌ¬ÌŸhÍ¡aÍ˜Ì«Ì»Ì¯oÌ«ÌŸÌ–ÍÌ™ÌÍ‰sÌ—Ì¦Ì².Ì¨Ì¹ÍˆÌ£
18,19,Rustin,Bernakiewicz,rbernakiewiczi@scientificamerican.com,Female,C15H297,`â„â‚¬â€¹â€ºï¬ï¬‚â€¡Â°Â·â€šâ€”Â±
19,20,Claudine,Fells,cfellsj@networkadvertising.org,Genderqueer,C15YE18,ãƒ»(ï¿£âˆ€ï¿£)ãƒ»:*:
20,21,Lanna,Seczyk,lseczykk@domainmarket.com,Bigender,C15KT97,â€‹
21,22,Carleen,Gravestone,cgravestonel@eventbrite.com,Genderqueer,C15Y7CY,â€‹
22,23,Abigail,Watkiss,awatkissm@woothemes.com,Female,C15E8FT,`â„â‚¬â€¹â€ºï¬ï¬‚â€¡Â°Â·â€šâ€”Â±
23,24,Kirstin,Surby,ksurbyn@census.gov,Bigender,C15WR82,(ï¾‰à²¥ç›Šà²¥ï¼‰ï¾‰ï»¿ â”»â”â”»
24,25,Cal,Hubbocks,chubbockso@photobucket.com,Genderfluid,C15P681,-1/2
25,26,Culver,Loseke,closekep@networkadvertising.org,Agender,C15E892,0/0
26,27,Porter,Chataignier,pchataignierq@privacy.gov.au,Non-binary,C15P228,â€‹
27,28,Bartel,Joris,bjorisr@flavors.me,Genderqueer,C15A9X3,$1.00
28,29,Salvatore,Terbrugge,sterbrugges@guardian.co.uk,Bigender,C15TKP9,1;DROP TABLE users
29,30,Jeno,Daw,jdawt@slashdot.org,Bigender,C15RX2R,â€‹
30,31,Alexis,Grimsdike,agrimsdikeu@tiny.cc,Bigender,C15H70X,'
31,32,Alikee,Janzen,ajanzenv@sbwire.com,Agender,C15T8W3,â¢
32,33,Porty,McNulty,pmcnultyw@phoca.cz,Agender,C15NC53,â¤ï¸ ğŸ’” ğŸ’Œ ğŸ’• ğŸ’ ğŸ’“ ğŸ’— ğŸ’– ğŸ’˜ ğŸ’ ğŸ’Ÿ ğŸ’œ ğŸ’› ğŸ’š ğŸ’™
33,34,Lula,Gecks,lgecksx@posterous.com,Non-binary,C15Y162,0
34,35,Gal,Herley,gherleyy@hc360.com,Genderqueer,C15E8FT,nil
35,36,Gregor,Chivrall,gchivrallz@disqus.com,Non-binary,C15AX02,"__ï¾›(,_,*)"
36,37,Evelyn,Cromblehome,ecromblehome10@telegraph.co.uk,Bigender,C15E021,100
37,38,Rikki,Sugars,rsugars11@dot.gov,Agender,C15W5RX,$1.00
38,39,Kathie,Hendrix,khendrix12@mashable.com,Bigender,C15N268,"×‘Ö¼Ö°×¨Öµ××©×Ö´×™×ª, ×‘Ö¼Ö¸×¨Ö¸× ×Ö±×œÖ¹×”Ö´×™×, ×Öµ×ª ×”Ö·×©Ö¼×Ö¸×Ö·×™Ö´×, ×•Ö°×Öµ×ª ×”Ö¸×Ö¸×¨Ö¶×¥"
39,40,Rubina,Cardenas,rcardenas13@cnn.com,Genderqueer,C15HR28,Â¸Ë›Ã‡â—ŠÄ±ËœÃ‚Â¯Ë˜Â¿
40,41,Jolee,Winspeare,jwinspeare14@icio.us,Genderqueer,C15RC61,å’Œè£½æ¼¢èª
41,42,Kamillah,Crippes,kcrippes15@dagondesign.com,Female,C15EC56,ãƒ»(ï¿£âˆ€ï¿£)ãƒ»:*:
42,43,Ferrell,Collacombe,fcollacombe16@hhs.gov,Bigender,C15TP29,á 
43,44,Elwood,Hooban,ehooban17@weibo.com,Genderfluid,C15D407,() { _; } >_[$($())] { touch /tmp/blns.shellshock2.fail; }
44,45,Bobbette,Osgordby,bosgordby18@mysql.com,Male,C15AH33,"<>?:""{}|_+"
45,46,Edythe,Panichelli,epanichelli19@reuters.com,Female,C15WY17,Â¡â„¢Â£Â¢âˆÂ§Â¶â€¢ÂªÂºâ€“â‰ 
46,47,Dunstan,Berthel,dberthel1a@plala.or.jp,Genderfluid,C15XE30,<svg><script>0<1>alert('XSS')</script>
47,48,Axe,Flindall,aflindall1b@wordpress.org,Male,C15X02V,Ã…ÃÃÃËÃ“Ã”ï£¿Ã’ÃšÃ†â˜ƒ
48,49,Lucretia,Callingham,lcallingham1c@merriam-webster.com,Genderfluid,C15H722,"<>?:""{}|_+"
49,50,Chrysler,Pavitt,cpavitt1d@latimes.com,Agender,C15EV91,â€©testâ€©
50,51,Corey,Jakubowicz,cjakubowicz1e@sciencedaily.com,Female,C15EK27,`â„â‚¬â€¹â€ºï¬ï¬‚â€¡Â°Â·â€šâ€”Â±
51,52,Oates,Bollon,obollon1f@cisco.com,Polygender,C15E2D5,â¤ï¸ ğŸ’” ğŸ’Œ ğŸ’• ğŸ’ ğŸ’“ ğŸ’— ğŸ’– ğŸ’˜ ğŸ’ ğŸ’Ÿ ğŸ’œ ğŸ’› ğŸ’š ğŸ’™
52,53,Kayne,Phare,kphare1g@nih.gov,Bigender,C15HW14,''
53,54,Joletta,Straine,jstraine1h@meetup.com,Male,C15DX81,×”Ö¸×™Ö°×ªÖ¸×”testØ§Ù„ØµÙØ­Ø§Øª Ø§Ù„ØªÙ‘Ø­ÙˆÙ„
54,55,Renado,Bondy,rbondy1i@webeden.co.uk,Non-binary,C15P681,-$1.00
55,56,Bernie,Biddwell,bbiddwell1j@1und1.de,Polygender,C15CV06,/dev/null; touch /tmp/blns.fail ; echo
56,57,Chen,Lazer,clazer1k@freewebs.com,Agender,C15A382,NIL
57,58,Winnah,Harnett,wharnett1l@ameblo.jp,Polygender,C15VR60,"Ø«Ù… Ù†ÙØ³ Ø³Ù‚Ø·Øª ÙˆØ¨Ø§Ù„ØªØ­Ø¯ÙŠØ¯ØŒ, Ø¬Ø²ÙŠØ±ØªÙŠ Ø¨Ø§Ø³ØªØ®Ø¯Ø§Ù… Ø£Ù† Ø¯Ù†Ùˆ. Ø¥Ø° Ù‡Ù†Ø§ØŸ Ø§Ù„Ø³ØªØ§Ø± ÙˆØªÙ†ØµÙŠØ¨ ÙƒØ§Ù†. Ø£Ù‡Ù‘Ù„ Ø§ÙŠØ·Ø§Ù„ÙŠØ§ØŒ Ø¨Ø±ÙŠØ·Ø§Ù†ÙŠØ§-ÙØ±Ù†Ø³Ø§ Ù‚Ø¯ Ø£Ø®Ø°. Ø³Ù„ÙŠÙ…Ø§Ù†ØŒ Ø¥ØªÙØ§Ù‚ÙŠØ© Ø¨ÙŠÙ† Ù…Ø§, ÙŠØ°ÙƒØ± Ø§Ù„Ø­Ø¯ÙˆØ¯ Ø£ÙŠ Ø¨Ø¹Ø¯, Ù…Ø¹Ø§Ù…Ù„Ø© Ø¨ÙˆÙ„Ù†Ø¯Ø§ØŒ Ø§Ù„Ø¥Ø·Ù„Ø§Ù‚ Ø¹Ù„ Ø¥ÙŠÙˆ."
58,59,Pru,Chatell,pchatell1m@si.edu,Female,C15KC43,''
59,60,Fabien,Sperwell,fsperwell1n@house.gov,Polygender,C15PH36,(ï¾‰à²¥ç›Šà²¥ï¼‰ï¾‰ï»¿ â”»â”â”»
60,61,Salomi,Hawgood,shawgood1o@ca.gov,Agender,C15V258,-1
61,62,Zebedee,Christoffels,zchristoffels1p@google.com.br,Bigender,C15CC64,Ì—ÌºÍ–Ì¹Ì¯Í“TÌ±Ì¤ÍÌ¥Í‡ÍˆhÍÌ²eÍÍ“Ì¼Ì—Ì™Ì¼Ì£Í” Í‡ÌœÌ±Ì Í“ÍÍ…NÍ Í•eÌ—Ì±zÌ˜ÌÌœÌºÍ™pÌ¤ÌºÌ¹ÍÌ¯ÍšeÍœÌ Ì»Ì rÌ¨Ì¤ÍÌºÌ–Í”Ì–Ì–dÍŸÌ ÌŸÌ­Ì¬ÌiÌ¦Í–Ì©Í“Í”Ì¤aÌ Ì—Ì¬Í‰Ì™nÍœÍš Ì»ÌÌ°ÍšÍ…hÌµÍ‰iÌ³ÌvÌ¢Í‡eÍŸÌ­Í-Ò‰Ì­Ì©Ì¼Í”mÌ¤Ì­Ì«iÍ•Í‡ÌÌ¦nÌ—Í™dÌ£ÌŸ ÍÌ¯Ì²Í•oÌ¨ÌŸÌ¯Ì°Ì²Í™Ì»Ìf Í˜ÌªÌ°Ì°Ì—Ì–Ì­Ì˜cÌ¦ÍÌ²ÌÍÌ©Ì™hÌ£ÍšaÍœÌ®ÍÌŸÌ™oÌ›Ì©Ì¹ÍsÌ¤.ÌÌ Ò‰ZÌ¡Ì–ÌœÍ–Ì°Ì£Í‰ÌœaÍ¡Í–Ì°Í™Ì¬lÌ²Ì«Ì³ÍÌ©gÌ¡ÌŸÌ¼Ì±ÍšÌÌ¬Í…oÍœÌ—.ÌŸ
62,63,Derk,Brownsell,dbrownsell1q@comsenz.com,Genderfluid,C15XA32,ç”°ä¸­ã•ã‚“ã«ã‚ã’ã¦ä¸‹ã•ã„
63,64,Fair,Doniso,fdoniso1r@indiegogo.com,Female,C15NA43,$1.00
64,65,Sue,Dawidowitsch,sdawidowitsch1s@prlog.org,Male,C15PE80,âœ‹ğŸ¿ ğŸ’ªğŸ¿ ğŸ‘ğŸ¿ ğŸ™ŒğŸ¿ ğŸ‘ğŸ¿ ğŸ™ğŸ¿
65,66,Barbara,Duns,bduns1t@comsenz.com,Male,C15HT21,1/2
66,67,Iona,MacNeilly,imacneilly1u@miibeian.gov.cn,Non-binary,C15E179,á 
67,68,Antonietta,Hinks,ahinks1v@w3.org,Male,C15FY66,Ì—ÌºÍ–Ì¹Ì¯Í“TÌ±Ì¤ÍÌ¥Í‡ÍˆhÍÌ²eÍÍ“Ì¼Ì—Ì™Ì¼Ì£Í” Í‡ÌœÌ±Ì Í“ÍÍ…NÍ Í•eÌ—Ì±zÌ˜ÌÌœÌºÍ™pÌ¤ÌºÌ¹ÍÌ¯ÍšeÍœÌ Ì»Ì rÌ¨Ì¤ÍÌºÌ–Í”Ì–Ì–dÍŸÌ ÌŸÌ­Ì¬ÌiÌ¦Í–Ì©Í“Í”Ì¤aÌ Ì—Ì¬Í‰Ì™nÍœÍš Ì»ÌÌ°ÍšÍ…hÌµÍ‰iÌ³ÌvÌ¢Í‡eÍŸÌ­Í-Ò‰Ì­Ì©Ì¼Í”mÌ¤Ì­Ì«iÍ•Í‡ÌÌ¦nÌ—Í™dÌ£ÌŸ ÍÌ¯Ì²Í•oÌ¨ÌŸÌ¯Ì°Ì²Í™Ì»Ìf Í˜ÌªÌ°Ì°Ì—Ì–Ì­Ì˜cÌ¦ÍÌ²ÌÍÌ©Ì™hÌ£ÍšaÍœÌ®ÍÌŸÌ™oÌ›Ì©Ì¹ÍsÌ¤.ÌÌ Ò‰ZÌ¡Ì–ÌœÍ–Ì°Ì£Í‰ÌœaÍ¡Í–Ì°Í™Ì¬lÌ²Ì«Ì³ÍÌ©gÌ¡ÌŸÌ¼Ì±ÍšÌÌ¬Í…oÍœÌ—.ÌŸ
68,69,Theadora,Shuttleworth,tshuttleworth1w@bloomberg.com,Male,C15Y2N2,ğŸ˜
69,70,Kellina,Denton,kdenton1x@dell.com,Non-binary,C15N9T8,1
70,71,Katie,Crossthwaite,kcrossthwaite1y@indiegogo.com,Genderqueer,C15C5D5,ãƒ½à¼¼àºˆÙ„Íœàºˆà¼½ï¾‰ ãƒ½à¼¼àºˆÙ„Íœàºˆà¼½ï¾‰ 
71,72,Torrence,Begin,tbegin1z@usda.gov,Bigender,C15N4A6,<script>alert('hi')</script>
72,73,Cristiano,Brazier,cbrazier20@wufoo.com,Bigender,C15D726,ã€€
73,74,Ronald,Stoyell,rstoyell21@1688.com,Bigender,C15FC99,"__ï¾›(,_,*)"
74,75,Kip,Verity,kverity22@com.com,Bigender,C15WF65,$1.00
75,76,Rudolph,Guilloux,rguilloux23@istockphoto.com,Bigender,C15AXC3,NIL
76,77,Spike,Trimme,strimme24@latimes.com,Bigender,C15X008,'
77,78,Rafaela,Cawtheray,rcawtheray25@cnet.com,Female,C15T026,
78,79,Kiele,McEachern,kmceachern26@people.com.cn,Female,C15R7F3,
79,80,Claiborne,Olorenshaw,colorenshaw27@buzzfeed.com,Non-binary,C15W8D7,Ì¦HÍÌ¬Ì¤Ì—Ì¤eÍœ ÍÌœÌ¥ÌÌ»ÍÌŸwÌ•hÌ–Ì¯Í“oÌÍ™Ì–ÍÌ±Ì® Ò‰ÌºÌ™ÌÌŸÍˆWÌ·Ì¼Ì­aÌºÌªÍiÌ¨ÍˆÍ•Ì­Í™Ì¯ÌœtÌ¶Ì¼Ì®sÌ•Ì˜Í™Í– Ì Ì«Ì BÌ»ÍÍ…Í™Í‰Ì³eÌµhÌµÌ¬Í‡Ì«Í™iÌ•Ì¹Í“Ì³Ì³Ì®ÍÌ«nÍŸdÌ´ÌªÌœÌ– ÍÌ°Í‰Ì©Í…Í‡Í™Ì²TÍ¢Í–Ì¼Í“ÌªhÍÍ“Ì®Ì»eÌ¬ÌÍ…ÌŸ Ì¤Ì¹ÌWÍÍ…Í™ÌÌÍ”Í‡aÍÍ“Í”Ì¹Ì¼Ì£lÌ´Í”Ì°Ì¤ÌŸÍ”lÌ­Ì«.Í•
113,114,Dorothea,Bartkiewicz,dbartkiewicz35@plala.or.jp,Non-binary,C15AD95,<svg><script>0<1>alert('XSS')</script>
114,115,Annette,Daye,adaye36@craigslist.org,Female,C15H6WY,",./;'[]\-="
115,116,Roobbie,Muffitt,rmuffitt37@dedecms.com,Agender,C15A382,(ï½¡â—• âˆ€ â—•ï½¡)
116,117,Salim,Wraith,swraith38@eepurl.com,Bigender,C15D407,ï¼‘ï¼’ï¼“
117,118,Ricca,Gosart,rgosart39@amazon.com,Agender,C15R275,ì‚¬íšŒê³¼í•™ì› ì–´í•™ì—°êµ¬ì†Œ
118,119,Jack,Cavey,jcavey3a@seesaa.net,Agender,C15WT18,(â•¯Â°â–¡Â°ï¼‰â•¯ï¸µ â”»â”â”»)  
119,120,Andee,Willock,awillock3b@baidu.com,Male,C15XE30,<script>alert('hi')</script>
120,121,Aliza,Balas,abalas3c@home.pl,Polygender,C15E8FT,0/0
122,123,Merralee,Whittall,mwhittall3e@princeton.edu,Male,C15VX08,nil
123,124,Orren,Gillitt,ogillitt3f@goo.gl,Bigender,C15KC43,Â¡â„¢Â£Â¢âˆÂ§Â¶â€¢ÂªÂºâ€“â‰ 
124,125,Shirl,Dibb,sdibb3g@prweb.com,Agender,C15H6WY,100
125,126,Napoleon,Thieme,nthieme3h@bloglovin.com,Non-binary,C15FW18,100
126,127,Massimiliano,Mazey,mmazey3i@europa.eu,Polygender,C15TP04,Ë™Énbá´‰lÉ ÉuÆƒÉÉ¯ ÇÉ¹olop Ê‡Ç ÇÉ¹oqÉl Ê‡n Ê‡unpá´‰pá´‰É”uá´‰ É¹odÉ¯ÇÊ‡ poÉ¯sná´‰Ç op pÇs 'Ê‡á´‰lÇ Æƒuá´‰É”sá´‰dá´‰pÉ É¹nÊ‡ÇÊ‡É”ÇsuoÉ” 'Ê‡ÇÉ¯É Ê‡á´‰s É¹olop É¯nsdá´‰ É¯ÇÉ¹oË¥
127,128,Auria,Hartin,ahartin3j@tinyurl.com,Female,C15CY86,Ë™Énbá´‰lÉ ÉuÆƒÉÉ¯ ÇÉ¹olop Ê‡Ç ÇÉ¹oqÉl Ê‡n Ê‡unpá´‰pá´‰É”uá´‰ É¹odÉ¯ÇÊ‡ poÉ¯sná´‰Ç op pÇs 'Ê‡á´‰lÇ Æƒuá´‰É”sá´‰dá´‰pÉ É¹nÊ‡ÇÊ‡É”ÇsuoÉ” 'Ê‡ÇÉ¯É Ê‡á´‰s É¹olop É¯nsdá´‰ É¯ÇÉ¹oË¥
128,129,Zane,Stott,zstott3k@ucla.edu,Agender,C15YXC1,ãƒ‘ãƒ¼ãƒ†ã‚£ãƒ¼ã¸è¡Œã‹ãªã„ã‹
129,130,Anthia,Voff,avoff3l@soup.io,Male,C15V29V,â€ªâ€ªtestâ€ª
130,131,Bancroft,Jablonski,bjablonski3m@usa.gov,Agender,C15N972,Ã¥ÃŸâˆ‚Æ’Â©Ë™âˆ†ËšÂ¬â€¦Ã¦
132,133,Brocky,Wartonby,bwartonby3o@adobe.com,Male,C15YE18,-100
133,134,Tiphanie,Harnes,tharnes3p@prlog.org,Polygender,C15KT97,Å’â€Â´â€°Ë‡ÃÂ¨Ë†Ã˜âˆâ€â€™
134,135,Barbie,Shuxsmith,bshuxsmith3q@smh.com.au,Male,C15Y7CY,/dev/null; touch /tmp/blns.fail ; echo
135,136,Dav,Matzke,dmatzke3r@bigcartel.com,Genderfluid,C15E8FT,â€©testâ€©
136,137,Gwendolen,Weavers,gweavers3s@example.com,Genderfluid,C15WR82,0ï¸âƒ£ 1ï¸âƒ£ 2ï¸âƒ£ 3ï¸âƒ£ 4ï¸âƒ£ 5ï¸âƒ£ 6ï¸âƒ£ 7ï¸âƒ£ 8ï¸âƒ£ 9ï¸âƒ£ ğŸ”Ÿ
137,138,Baily,Darker,bdarker3t@accuweather.com,Female,C15P681,×”Ö¸×™Ö°×ªÖ¸×”testØ§Ù„ØµÙØ­Ø§Øª Ø§Ù„ØªÙ‘Ø­ÙˆÙ„
138,139,Geraldine,Curzon,gcurzon3u@google.co.uk,Genderqueer,C15E892,Â¡â„¢Â£Â¢âˆÂ§Â¶â€¢ÂªÂºâ€“â‰ 
139,140,Godfry,Baccas,gbaccas3v@amazon.co.jp,Genderqueer,C15P228,1;DROP TABLE users
140,141,Goldia,Cron,gcron3w@google.cn,Agender,C15A9X3,
141,142,Carley,Mains,cmains3x@github.io,Genderqueer,C15TKP9,ãƒ‘ãƒ¼ãƒ†ã‚£ãƒ¼ã¸è¡Œã‹ãªã„ã‹
142,143,Chadd,Crabb,ccrabb3y@oracle.com,Agender,C15RX2R,0ï¸âƒ£ 1ï¸âƒ£ 2ï¸âƒ£ 3ï¸âƒ£ 4ï¸âƒ£ 5ï¸âƒ£ 6ï¸âƒ£ 7ï¸âƒ£ 8ï¸âƒ£ 9ï¸âƒ£ ğŸ”Ÿ
143,144,Derrik,Camois,dcamois3z@barnesandnoble.com,Female,C15H70X,Â¡â„¢Â£Â¢âˆÂ§Â¶â€¢ÂªÂºâ€“â‰ 
144,145,Ophelia,Dimitriades,odimitriades40@columbia.edu,Genderqueer,C15T8W3,"__ï¾›(,_,*)"
145,146,Saleem,Meenehan,smeenehan41@state.gov,Non-binary,C15NC53,100
146,147,Leelah,McFadin,lmcfadin42@ifeng.com,Female,C15Y162,"""'""'""''''"""
147,148,Idalia,Safhill,isafhill43@washington.edu,Non-binary,C15E8FT,âœ‹ğŸ¿ ğŸ’ªğŸ¿ ğŸ‘ğŸ¿ ğŸ™ŒğŸ¿ ğŸ‘ğŸ¿ ğŸ™ğŸ¿
148,149,Ardelia,Hambling,ahambling44@naver.com,Polygender,C15AX02,ğŸ˜
149,150,Camellia,Cromer,ccromer45@paypal.com,Polygender,C15E021,Ã…ÃÃÃËÃ“Ã”ï£¿Ã’ÃšÃ†â˜ƒ
151,152,Darb,Gini,dgini47@reddit.com,Polygender,C15N268,""""
152,153,Barry,Jamson,bjamson48@free.fr,Agender,C15HR28,å’Œè£½æ¼¢èª
153,154,Elia,Melledy,emelledy49@oakley.com,Genderqueer,C15RC61,() { 0; }; touch /tmp/blns.shellshock1.fail;
154,155,Dill,Dust,ddust4a@blogtalkradio.com,Polygender,C15EC56,"__ï¾›(,_,*)"
155,156,Michell,Harrison,mharrison4b@nba.com,Polygender,C15TP29,../../../../../../../../../../../etc/hosts
156,157,Adore,Lotwich,alotwich4c@webs.com,Bigender,C15D407,",./;'[]\-="
157,158,Inglebert,McKeighen,imckeighen4d@over-blog.com,Bigender,C15AH33,/dev/null; touch /tmp/blns.fail ; echo
158,159,Ermengarde,Halshaw,ehalshaw4e@techcrunch.com,Non-binary,C15WY17,â£
159,160,Moss,Wolfenden,mwolfenden4f@livejournal.com,Genderfluid,C15XE30,ç”°ä¸­ã•ã‚“ã«ã‚ã’ã¦ä¸‹ã•ã„
160,161,Cece,Tubby,ctubby4g@sogou.com,Agender,C15X02V,ğŸ˜
161,162,Dido,Broughton,dbroughton4h@skype.com,Agender,C15H722,
162,163,Teodorico,Crockford,tcrockford4i@va.gov,Female,C15EV91,"""'""'""''''"""
163,164,Victoria,Oleksiak,voleksiak4j@virginia.edu,Genderfluid,C15EK27,-100
164,165,Sylvan,Gent,sgent4k@imageshack.us,Male,C15E2D5,1/2
165,166,Morley,MacKessock,mmackessock4l@princeton.edu,Agender,C15HW14,â¡
166,167,Cordie,Skoyles,cskoyles4m@live.com,Male,C15DX81,ğŸµ ğŸ™ˆ ğŸ™‰ ğŸ™Š
167,168,Quentin,Brabender,qbrabender4n@vimeo.com,Non-binary,C15P681,á 
168,169,Cornie,Tilbrook,ctilbrook4o@blogger.com,Bigender,C15CV06,""""""
169,170,Domenic,Donnel,ddonnel4p@dmoz.org,Female,C15A382,",ã€‚ãƒ»:*:ãƒ»ã‚œâ€™( â˜» Ï‰ â˜» )ã€‚ãƒ»:*:ãƒ»ã‚œâ€™"
170,171,Chantal,Risbrough,crisbrough4q@mapy.cz,Non-binary,C15VR60,â‚€â‚â‚‚
171,172,Lorenzo,Redwin,lredwin4r@ehow.com,Bigender,C15KC43,NIL
172,173,Nahum,Childe,nchilde4s@seattletimes.com,Female,C15PH36,Ë™Énbá´‰lÉ ÉuÆƒÉÉ¯ ÇÉ¹olop Ê‡Ç ÇÉ¹oqÉl Ê‡n Ê‡unpá´‰pá´‰É”uá´‰ É¹odÉ¯ÇÊ‡ poÉ¯sná´‰Ç op pÇs 'Ê‡á´‰lÇ Æƒuá´‰É”sá´‰dá´‰pÉ É¹nÊ‡ÇÊ‡É”ÇsuoÉ” 'Ê‡ÇÉ¯É Ê‡á´‰s É¹olop É¯nsdá´‰ É¯ÇÉ¹oË¥
173,174,Elyssa,Pedracci,epedracci4t@github.com,Agender,C15V258,â¤ï¸ ğŸ’” ğŸ’Œ ğŸ’• ğŸ’ ğŸ’“ ğŸ’— ğŸ’– ğŸ’˜ ğŸ’ ğŸ’Ÿ ğŸ’œ ğŸ’› ğŸ’š ğŸ’™
174,175,Jillene,Mourbey,jmourbey4u@imageshack.us,Agender,C15CC64,-1/2
175,176,Amber,Skull,askull4v@apache.org,Genderqueer,C15XA32,0
176,177,Frazer,Ewart,fewart4w@paginegialle.it,Male,C15NA43,100
177,178,Lenci,Secombe,lsecombe4x@webeden.co.uk,Agender,C15PE80,-100
178,179,Catlaina,Robben,crobben4y@virginia.edu,Genderqueer,C15HT21,ç”°ä¸­ã•ã‚“ã«ã‚ã’ã¦ä¸‹ã•ã„
179,180,Hendrika,Gullick,hgullick4z@youtube.com,Non-binary,C15E179,â£
180,181,Devon,Thick,dthick50@etsy.com,Genderqueer,C15FY66,"<>?:""{}|_+"
181,182,Carson,Allard,callard51@google.it,Male,C15Y2N2,100
182,183,Teresita,Odegaard,todegaard52@mozilla.com,Genderqueer,C15N9T8,Ì¡Í“Í…ÌIÍÌ—Ì˜Ì¦nÍ‡Í‡Í™vÌ®Ì«okÌ²Ì«Ì™ÍˆiÌ–Í™Ì­Ì¹Ì ÌnÌ¡Ì»Ì®Ì£ÌºgÌ²ÍˆÍ™Ì­Í™Ì¬Í Ì°tÍ”Ì¦hÌÌ²eÌ¢Ì¤ ÍÌ¬Ì²Í–fÌ´Ì˜Í•Ì£eÍ€Í–eÌ£Ì¥Ì©lÍ–Í”ÍšiÍ Í“ÍšÌ¦nÍ–ÍÌ—Í“Ì³Ì®gÍ Ì¨oÍ¡ÍšÌªfÌ˜Ì£Ì¬ Ì–Ì˜Í–ÌŸÍ™Ì®cÒ‰Í”Ì«Í–Í“Í‡Í–Í…hÌµÌ¤Ì£ÍšÍ”aÍÌ—Ì¼Í…Í•oÌ¼Ì£Ì¥sÍ¢Ì±ÍˆÌºÌ–Ì¦Ì».Ì›Ì–ÌÌ Ì«Ì°
183,184,Garreth,Scholte,gscholte53@businessinsider.com,Genderfluid,C15C5D5,ğŸ˜
184,185,Ethe,Rackham,erackham54@smh.com.au,Genderqueer,C15N4A6,å’Œè£½æ¼¢èª
185,186,Bevvy,Hale,bhale55@marriott.com,Female,C15D726,Ì¡Í“Í…ÌIÍÌ—Ì˜Ì¦nÍ‡Í‡Í™vÌ®Ì«okÌ²Ì«Ì™ÍˆiÌ–Í™Ì­Ì¹Ì ÌnÌ¡Ì»Ì®Ì£ÌºgÌ²ÍˆÍ™Ì­Í™Ì¬Í Ì°tÍ”Ì¦hÌÌ²eÌ¢Ì¤ ÍÌ¬Ì²Í–fÌ´Ì˜Í•Ì£eÍ€Í–eÌ£Ì¥Ì©lÍ–Í”ÍšiÍ Í“ÍšÌ¦nÍ–ÍÌ—Í“Ì³Ì®gÍ Ì¨oÍ¡ÍšÌªfÌ˜Ì£Ì¬ Ì–Ì˜Í–ÌŸÍ™Ì®cÒ‰Í”Ì«Í–Í“Í‡Í–Í…hÌµÌ¤Ì£ÍšÍ”aÍÌ—Ì¼Í…Í•oÌ¼Ì£Ì¥sÍ¢Ì±ÍˆÌºÌ–Ì¦Ì».Ì›Ì–ÌÌ Ì«Ì°
186,187,Leontyne,Pailin,lpailin56@cocolog-nifty.com,Non-binary,C15FC99,ğŸ‘©ğŸ½
187,188,Federica,Daniely,fdaniely57@biblegateway.com,Genderqueer,C15WF65,â¢
188,189,Carline,McMonies,cmcmonies58@odnoklassniki.ru,Bigender,C15AXC3,-1
189,190,Maryjo,Stygall,mstygall59@independent.co.uk,Agender,C15X008,Â¸Ë›Ã‡â—ŠÄ±ËœÃ‚Â¯Ë˜Â¿
190,191,Sherlocke,Stappard,sstappard5a@paypal.com,Genderfluid,C15T026,<svg><script>0<1>alert('XSS')</script>
191,192,Aile,Waskett,awaskett5b@msu.edu,Agender,C15R7F3,$1.00
192,193,Nathanial,Fairclough,nfairclough5c@hud.gov,Agender,C15W8D7,Î©â‰ˆÃ§âˆšâˆ«ËœÂµâ‰¤â‰¥Ã·
